,marketValue
0,399590000000
1,2055219999999
2,203010000000
3,172990000000
4,141820000000
5,220820000000
6,1340530000000
7,439390000000
8,2309840000000
9,2746210000000
10,205450000000
11,122670000000
12,188200000000
13,334310000000
14,460190000000
15,138560000000
16,142360000000
17,303540000000
18,122910000000
19,151190000000
20,151640000000
21,159040000000
22,409120000000
23,90030000000
24,186410000000
25,129840000000
26,110180000000
27,108300000000
28,70160000000
29,141760000000
30,599820000000
31,114320000000
32,78590000000
33,108720000000
34,415360000000
35,1084060000000
36,95450000000
37,135150000000
38,216280000000
40,422760000000
41,117180000000
42,78490000000
43,112920000000
44,423170000000
45,189190000000
46,75770000000
47,482450000000
48,70070000000
49,56180000000
50,337660000000
101,170460000000
102,91830000000
103,51580000000
104,216590000000
105,367760000000
106,106810000000
107,115170000000
108,63030000000
109,70000000000
110,51490000000
111,49840000000
112,55830000000
113,113460000000
114,109160000000
115,90610000000
116,41380000000
117,293950000000
118,77450000000
119,539000000000
120,46230000000
121,38400000000
122,128210000000
123,298740000000
124,261920000000
125,53500000000
126,253990000000
127,62880000000
128,110110000000
129,141120000000
130,261800000000
131,49970000000
132,267640000000
133,121450000000
134,62480000000
135,72940000000
136,56640000000
137,183630000000
138,59340000000
139,140170000000
140,150430000000
141,76890000000
142,58280000000
143,189430000000
144,208150000000
145,151100000000
146,276860000000
147,130650000000
148,51280000000
149,221320000000
150,109210000000
151,102090000000
152,81390000000
153,41230000000
154,38940000000
155,140020000000
156,70970000000
157,112920000000
158,48160000000
159,44940000000
160,78900000000
161,143150000000
162,82390000000
163,48860000000
164,51220000000
165,32960000000
166,47500000000
167,45360000000
168,210740000000
169,110970000000
170,88210000000
171,143970000000
172,477380000000
173,39490000000
174,47790000000
175,49180000000
176,233120000000
177,106130000000
178,110880000000
179,34400000000
180,67800000000
181,67730000000
182,47070000000
183,27130000000
184,262709999999
185,152790000000
186,42880000000
187,63470000000
188,53560000000
189,61720000000
190,56100000000
191,53760000000
192,193480000000
193,28960000000
194,48130000000
195,178900000000
196,51070000000
197,37830000000
198,33540000000
199,46370000000
200,48840000000
201,37150000000
202,31510000000
203,37500000000
204,55250000000
205,38210000000
206,31020000000
207,126380000000
208,68670000000
209,115370000000
210,176020000000
211,122740000000
212,179610000000
213,79150000000
214,30040000000
215,38700000000
216,148330000000
217,57630000000
218,41860000000
219,54630000000
220,87010000000
221,24850000000
222,119820000000
223,31600000000
224,30170000000
225,112280000000
226,40140000000
227,66810000000
228,68900000000
229,81720000000
230,121180000000
231,42890000000
232,250390000000
233,37690000000
234,76520000000
235,76520000000
236,132080000000
237,74450000000
238,21650000000
239,50100000000
240,61900000000
241,19730000000
242,105630000000
243,39820000000
244,122690000000
245,80510000000
246,115760000000
247,50440000000
248,18820000000
249,56210000000
250,43320000000
251,406110000000
252,66849999999
253,71950000000
254,41370000000
255,31030000000
256,97630000000
257,53390000000
258,43040000000
259,34790000000
260,18630000000
261,194580000000
262,99480000000
263,33950000000
264,21150000000
265,96820000000
266,39030000000
267,216550000000
268,63250000000
269,38570000000
270,33119999999
271,156950000000
272,42110000000
273,143480000000
274,56260000000
275,33200000000
276,24650000000
277,26210000000
278,18400000000
279,32360000000
280,41030000000
281,40760000000
282,60580000000
283,33110000000
284,41300000000
285,364340000000
286,359430000000
287,67849999999
288,25600000000
289,84180000000
290,254330000000
291,708400000000
292,57020000000
293,24700000000
294,58140000000
295,44210000000
296,66769999999
297,52780000000
298,93960000000
299,40840000000
300,28420000000
301,34049999999
302,18500000000
303,50710000000
304,32330000000
305,21360000000
306,26040000000
307,38480000000
308,23040000000
309,37530000000
310,58230000000
311,22820000000
312,90120000000
313,79200000000
314,65209999999
315,12460000000
316,35320000000
317,23830000000
318,39590000000
319,18030000000
320,19780000000
321,44850000000
322,32369999999
323,108470000000
324,29100000000
325,104220000000
326,36630000000
327,24330000000
328,14150000000
329,46110000000
330,29320000000
331,36000000000
332,26350000000
333,17600000000
334,45690000000
335,318070000000
336,25480000000
337,34009999999
338,79360000000
339,19290000000
340,18840000000
341,42390000000
342,74260000000
343,89020000000
344,26950000000
345,90480000000
346,27290000000
347,26500000000
348,66750000000
349,21730000000
350,13850000000
351,83340000000
352,122910000000
353,17760000000
354,36360000000
355,236000000000
356,42620000000
357,17110000000
358,53790000000
359,42330000000
360,47420000000
361,18760000000
362,35050000000
363,48750000000
364,16190000000
365,150510000000
366,98080000000
367,49600000000
368,26450000000
369,35850000000
370,30300000000
371,16450000000
372,67010000000
373,51120000000
374,34330000000
375,52270000000
376,13840000000
377,35360000000
378,75520000000
379,24170000000
380,59750000000
381,28160000000
382,24370000000
383,32110000000
384,32830000000
385,10940000000
386,83210000000
387,75820000000
388,707210000000
389,43260000000
390,36880000000
391,17360000000
392,21810000000
393,88730000000
394,27170000000
395,10780000000
396,18270000000
397,30340000000
398,14780000000
399,38190000000
400,511000000
401,30050000000
402,108080000000
403,47970000000
404,38600000000
405,29680000000
406,23070000000
407,15170000000
408,38020000000
409,64769999999
410,72040000000
411,113620000000
412,68180000000
413,43310000000
414,22900000000
415,92770000000
416,159810000000
417,287000000
418,23060000000
419,57590000000
420,122460000000
421,19660000000
422,50770000000
423,25450000000
424,43730000000
425,24740000000
426,80380000000
427,97360000000
428,54920000000
429,34480000000
430,58150000000
431,18160000000
432,30160000000
433,17720000000
434,27800000000
435,13540000000
436,52750000000
437,144520000000
438,20450000000
439,23630000000
440,68519999999
441,14520000000
442,21160000000
443,94890000000
444,9850000000
445,38080000000
446,27580000000
447,14700000000
448,29130000000
449,42670000000
450,32049999999
451,40940000000
452,52830000000
453,13480000000
454,78240000000
455,19310000000
456,18690000000
457,21630000000
458,47180000000
459,26990000000
460,55420000000
461,15600000000
462,14920000000
463,27830000000
464,42000000000
465,30290000000
466,38290000000
467,10110000000
468,32580000000
469,12110000000
470,9170000000
471,25940000000
472,129259999999
473,32540000000
474,14520000000
475,120400000000
476,53560000000
477,119320000000
478,3440000000
479,14330000000
480,42510000000
481,16350000000
482,83300000000
483,24320000000
484,20650000000
485,48230000000
486,53390000000
487,60640000000
488,47510000000
489,60470000000
490,23130000000
491,23620000000
492,56050000000
493,30070000000
494,38900000000
495,32939999999
496,39160000000
497,91690000000
498,71170000000
499,18280000000
500,40850000000
501,47580000000
502,65580000000
503,67069999999
504,14050000000
505,42000000000
506,41210000000
507,38780000000
508,59530000000
509,40840000000
510,16800000000
511,118610000000
512,75600000000
513,52240000000
514,15140000000
515,19900000000
516,35380000000
517,97910000000
518,19090000000
519,37810000000
520,46650000000
522,23770000000
523,18230000000
524,13460000000
525,41410000000
526,41630000000
527,53660000000
528,36770000000
529,34280000000
530,21900000000
531,16910000000
532,72670000000
533,38260000000
534,119500000000
535,29950000000
536,197590000000
537,11320000000
538,19280000000
539,17070000000
540,56680000000
541,12350000000
542,9680000000
543,66599999999
544,44400000000
545,24950000000
546,19000000000
547,48040000000
548,26070000000
549,18170000000
550,42750000000
551,65890000000
552,46830000000
553,28170000000
554,14680000000
555,36110000000
556,22000000000
557,18360000000
558,31840000000
559,38260000000
560,14370000000
561,75100000000
562,35640000000
563,13600000000
564,59150000000
565,31680000000
566,45540000000
567,28860000000
568,45480000000
569,28740000000
570,34390000000
571,17220000000
572,11720000000
573,39790000000
574,12950000000
575,229400000000
576,29990000000
577,10950000000
578,18560000000
579,18110000000
580,36390000000
581,32080000000
582,31050000000
583,97560000000
584,27000000000
585,27760000000
586,9050000000
587,36030000000
588,39400000000
589,16440000000
590,14290000000
591,22550000000
592,24760000000
593,43330000000
594,46130000000
595,25690000000
596,44630000000
597,14730000000
598,26960000000
599,18290000000
600,53180000000
601,21280000000
602,49130000000
603,12800000000
604,48980000000
605,63860000000
606,54600000000
607,22330000000
608,13370000000
609,31320000000
610,35070000000
611,69990000000
612,6410000000
613,8160000000
614,23360000000
615,6390000000
616,9070000000
617,11690000000
618,144680000000
619,14220000000
620,27860000000
621,38740000000
622,13640000000
623,7860000000
624,30420000000
625,26700000000
626,2910000000
627,11940000000
628,14330000000
629,22310000000
630,22700000000
631,10460000000
632,35570000000
633,35540000000
634,70990000000
635,15460000000
636,11590000000
637,30100000000
638,74100000000
639,32119999999
640,34580000000
641,17880000000
642,16219999999
643,19790000000
644,22050000000
645,72710000000
646,25680000000
647,15690000000
648,46040000000
649,35890000000
650,21960000000
651,33700000000
652,31500000000
653,18320000000
654,66860000000
655,35300000000
656,49520000000
657,5040000000
658,15650000000
659,14050000000
660,24620000000
661,19360000000
662,41850000000
663,21310000000
664,32250000000
665,12100000000
666,24760000000
667,17079999999
668,19530000000
669,35130000000
670,13010000000
671,6730000000
672,89650000000
673,13550000000
674,11130000000
675,11070000000
676,6440000000
677,25430000000
678,6040000000
679,4170000000
680,30290000000
681,1520000000
682,40320000000
683,32490000000
684,11280000000
685,14620000000
686,108170000000
687,23170000000
688,51390000000
689,24050000000
690,59750000000
691,4570000000
692,13770000000
693,25580000000
694,27510000000
695,15210000000
696,17430000000
697,36440000000
698,98800000000
699,21180000000
700,13360000000
701,16829999999
702,49450000000
703,58210000000
704,64349999999
705,76400000000
706,10690000000
707,34980000000
708,23510000000
709,45350000000
710,41090000000
711,8690000000
712,11930000000
713,12990000000
714,14130000000
715,94060000000
716,58170000000
717,12570000000
718,25360000000
719,14160000000
720,35500000000
721,14460000000
722,19100000000
723,50560000000
724,16899999999
725,15840000000
726,21750000000
727,8880000000
728,6930000000
729,5800000000
730,12580000000
731,35720000000
732,114000000000
733,6960000000
734,16040000000
735,24650000000
736,45070000000
737,52910000000
738,12490000000
739,17220000000
740,7620000000
741,26760000000
742,24410000000
743,16850000000
744,9750000000
745,51540000000
746,17040000000
747,5460000000
748,30130000000
749,26470000000
750,21150000000
751,17650000000
752,21930000000
753,11570000000
754,18880000000
755,14250000000
756,9190000000
757,14300000000
758,13190000000
759,17910000000
760,14100000000
761,11270000000
762,3910000000
763,18560000000
764,11230000000
765,10950000000
766,16140000000
767,9020000000
768,1750000000
769,17090000000
770,19640000000
771,15440000000
772,18430000000
773,3780000000
774,25750000000
775,22490000000
776,15480000000
777,12070000000
778,7060000000
779,33890000000
780,3090000000
781,4410000000
782,19280000000
783,23910000000
784,75770000000
785,13700000000
786,35810000000
787,10450000000
788,68660000000
789,12310000000
790,17540000000
791,14870000000
792,33030000000
793,17700000000
794,11830000000
795,23710000000
796,24240000000
797,11700000000
798,9220000000
799,4530000000
800,9050000000
801,56180000000
802,65150000000
803,41180000000
804,31500000000
805,11730000000
806,16250000000
807,35010000000
808,19040000000
809,11640000000
810,32950000000
811,14960000000
812,15540000000
813,12040000000
814,10460000000
815,14260000000
816,15850000000
817,17800000000
818,21090000000
819,28570000000
820,12330000000
821,18870000000
822,86060000000
823,7400000000
824,10950000000
825,8510000000
826,42380000000
827,48000000000
828,15290000000
829,19810000000
830,8710000000
831,8580000000
832,52020000000
833,7350000000
834,22370000000
835,12140000000
836,19260000000
837,8820000000
838,28150000000
839,20240000000
840,25270000000
841,7290000000
842,10320000000
843,9290000000
844,35530000000
845,7950000000
846,10400000000
847,14100000000
848,10000000000
849,3060000000
850,20060000000
851,11740000000
852,35670000000
853,10370000000
854,14440000000
855,24110000000
856,19320000000
857,25590000000
858,66620000000
859,5450000000
860,56310000000
861,9480000000
862,7390000000
863,26530000000
864,21460000000
865,18130000000
866,14560000000
867,17610000000
868,9940000000
869,35720000000
870,10530000000
871,42880000000
872,4620000000
873,11620000000
874,10250000000
875,7410000000
876,8920000000
877,32540000000
878,6580000000
879,8170000000
880,15710000000
881,7480000000
882,6180000000
883,4080000000
884,7640000000
885,48830000000
886,11740000000
887,14490000000
888,9280000000
889,8340000000
890,47220000000
891,12960000000
892,2820000000
893,9850000000
894,25410000000
895,4120000000
896,21190000000
897,38270000000
898,14740000000
899,8840000000
900,10790000000
901,35330000000
902,17460000000
903,13730000000
904,15380000000
905,20550000000
906,6380000000
907,38720000000
908,10980000000
909,12380000000
910,13660000000
911,25410000000
912,48300000000
913,9060000000
914,26330000000
915,5490000000
916,33470000000
917,6410000000
918,18660000000
919,11420000000
920,14320000000
921,20440000000
922,25690000000
923,44360000000
924,22740000000
925,15180000000
926,10250000000
927,10350000000
928,9690000000
929,35080000000
930,11460000000
931,2460000000
932,4720000000
933,19310000000
934,4420000000
935,47430000000
936,18040000000
937,6760000000
938,13400000000
939,21690000000
940,8359999999
941,6310000000
942,18620000000
943,13090000000
944,11580000000
945,5770000000
946,6160000000
947,7380000000
948,11000000000
949,14470000000
950,3950000000
951,15330000000
952,4130000000
953,13040000000
954,55960000000
955,18820000000
956,17980000000
957,22570000000
958,3820000000
959,16500000000
960,7240000000
961,10450000000
962,5740000000
963,14160000000
964,16780000000
965,16469999999
966,6660000000
967,4010000000
968,27700000000
969,9250000000
970,9290000000
971,5890000000
972,21540000000
973,9590000000
974,106830000000
975,6870000000
976,10840000000
977,32030000000
978,17280000000
979,10200000000
980,21730000000
981,11760000000
982,16960000000
983,26100000000
984,9820000000
985,24600000000
986,19870000000
987,27450000000
988,10650000000
989,12690000000
990,8160000000
991,13570000000
992,13200000000
993,24950000000
994,19020000000
995,18080000000
996,23290000000
997,32560000000
998,15960000000
999,9090000000
1000,11240000000
1001,8730000000
1002,38320000000
1003,4910000000
1004,62440000000
1005,9410000000
1006,18050000000
1007,8449999999
1008,15690000000
1009,8550000000
1010,62500000000
1011,12620000000
1012,7110000000
1013,22520000000
1014,16579999999
1015,8720000000
1016,10320000000
1017,30080000000
1018,15580000000
1019,19880000000
1020,23630000000
1021,3460000000
1022,7510000000
1023,29020000000
1024,5610000000
1025,18570000000
1026,6360000000
1027,26950000000
1028,6970000000
1029,11160000000
1030,8730000000
1031,19490000000
1032,8870000000
1033,36120000000
1034,46960000000
1035,15880000000
1036,8640000000
1037,39420000000
1038,22190000000
1039,12650000000
1040,12700000000
1041,12380000000
1042,12440000000
1043,18200000000
1044,6610000000
1045,33770000000
1046,3810000000
1047,7010000000
1048,34450000000
1049,55900000000
1050,28150000000
1051,28890000000
1052,10380000000
1053,15250000000
1054,3640000000
1055,9390000000
1056,49180000000
1057,18050000000
1058,11040000000
1059,8790000000
1060,4059999999
1061,5530000000
1062,19110000000
1063,38510000000
1064,11790000000
1065,894000000
1066,11700000000
1067,7900000000
1068,3750000000
1069,20130000000
1070,24390000000
1071,12290000000
1072,10460000000
1073,14870000000
1074,15170000000
1075,23170000000
1076,17070000000
1077,53800000000
1078,47420000000
1079,9230000000
1080,55010000000
1081,35900000000
1082,11300000000
1083,4170000000
1084,4070000000
1085,21390000000
1086,4030000000
1087,8890000000
1088,1980000000
1089,13560000000
1090,12540000000
1091,40950000000
1092,13180000000
1093,12170000000
1094,16350000000
1095,52820000000
1096,12790000000
1097,9650000000
1098,14720000000
1099,13340000000
1100,3300000000
1101,59810000000
1102,9690000000
1103,19340000000
1104,10130000000
1105,6100000000
1106,6760000000
1107,6370000000
1108,42540000000
1109,5220000000
1110,5960000000
1111,34390000000
1112,26460000000
1113,26770000000
1114,31460000000
1115,7710000000
1116,7430000000
1117,31210000000
1118,34880000000
1119,8460000000
1120,25360000000
1121,9900000000
1122,22050000000
1123,30680000000
1124,9350000000
1125,32909999999
1126,4910000000
1127,13740000000
1128,34440000000
1129,7520000000
1130,38870000000
1131,9380000000
1132,41890000000
1133,13700000000
1134,18510000000
1135,2960000000
1136,18280000000
1137,42350000000
1138,24840000000
1139,14940000000
1140,6380000000
1141,10680000000
1142,25150000000
1143,20210000000
1144,3110000000
1145,10360000000
1146,30940000000
1147,8750000000
1148,5470000000
1149,8119999999
1150,18450000000
1151,18430000000
1152,32810000000
1153,33420000000
1154,10190000000
1155,48910000000
1156,18720000000
1157,15100000000
1158,12280000000
1159,14390000000
1160,9740000000
1161,2350000000
1162,40700000000
1163,10250000000
1164,15350000000
1165,7520000000
1166,7310000000
1167,4800000000
1168,15450000000
1169,17740000000
1170,21990000000
1171,10740000000
1172,39400000000
1173,10780000000
1174,39150000000
1175,53880000000
1176,32229999999
1177,24250000000
1178,7940000000
1179,597000000
1180,17420000000
1181,40710000000
1182,7050000000
1183,2100000000
1184,6080000000
1185,12120000000
1186,5530000000
1187,5560000000
1188,9320000000
1189,24120000000
1190,6380000000
1191,56590000000
1192,16930000000
1193,24020000000
1194,2290000000
1195,9130000000
1196,2820000000
1197,2330000000
1198,24140000000
1199,6160000000
1200,1520000000
1201,50640000000
1202,17000000000
1203,17600000000
1204,5000000000
1205,32000000
1206,8650000000
1207,3540000000
1208,5710000000
1209,29700000000
1210,17840000000
1211,22230000000
1212,9700000000
1213,6060000000
1214,6280000000
1215,13960000000
1216,14370000000
1217,30990000000
1218,6460000000
1219,14820000000
1220,18930000000
1221,37600000000
1222,8930000000
1223,1800000000
1224,26180000000
1225,55970000000
1226,26570000000
1227,17640000000
1228,4430000000
1229,7200000000
1230,25000000000
1231,14640000000
1232,4990000000
1233,24640000000
1234,22470000000
1235,6230000000
1236,7930000000
1237,7570000000
1238,12570000000
1239,13660000000
1240,5570000000
1241,22680000000
1242,46500000000
1243,3290000000
1244,4019999999
1245,9800000000
1246,13340000000
1247,2670000000
1248,28090000000
1249,3220000000
1250,17270000000
1251,4540000000
1252,5580000000
1253,3820000000
1254,6170000000
1255,31110000000
1256,3100000000
1257,13980000000
1258,5950000000
1259,6640000000
1260,16390000000
1261,29770000000
1262,14710000000
1263,5880000000
1264,2820000000
1265,5260000000
1266,4080000000
1267,9600000000
1268,25820000000
1269,3530000000
1270,2790000000
1271,16870000000
1272,6100000000
1273,33130000000
1274,10680000000
1275,2290000000
1276,28580000000
1277,4390000000
1278,25590000000
1279,9300000000
1280,5090000000
1281,37920000000
1282,15290000000
1283,3500000000
1284,14030000000
1285,9510000000
1286,11390000000
1287,41870000000
1288,15380000000
1289,2980000000
1290,16989999999
1291,6890000000
1292,3750000000
1293,3640000000
1294,8460000000
1295,5800000000
1296,6710000000
1297,1820000000
1298,3910000000
1299,630000000
1300,3060000000
1301,4810000000
1302,8650000000
1303,28970000000
1304,5910000000
1305,34040000000
1306,24990000000
1307,7210000000
1308,9450000000
1309,11870000000
1310,2910000000
1311,13430000000
1312,6550000000
1313,16550000000
1314,31500000000
1315,11020000000
1316,7250000000
1317,10990000000
1318,2940000000
1319,4170000000
1320,27010000000
1321,11090000000
1322,10600000000
1323,18620000000
1324,27030000000
1325,12730000000
1326,2480000000
1327,9870000000
1328,2029999999
1329,7080000000
1330,9620000000
1331,4720000000
1332,11900000000
1333,12040000000
1334,15090000000
1335,88570000000
1336,25740000000
1337,5050000000
1338,17920000000
1339,2530000000
1340,13660000000
1341,1100000000
1342,6920000000
1343,47120000000
1344,22880000000
1345,1400000000
1346,6810000000
1347,9680000000
1348,3820000000
1349,12170000000
1350,7070000000
1351,22230000000
1352,7570000000
1353,3750000000
1354,40550000000
1355,23100000000
1356,6700000000
1357,5450000000
1358,25630000000
1359,7380000000
1360,24000000000
1361,11790000000
1362,22050000000
1363,9700000000
1364,10210000000
1365,7670000000
1366,9420000000
1367,7200000000
1368,10650000000
1369,8500000000
1370,5370000000
1371,14580000000
1372,59690000000
1373,10090000000
1374,16270000000
1375,3110000000
1376,19140000000
1377,6810000000
1378,13940000000
1379,5710000000
1380,16270000000
1381,30590000000
1382,12330000000
1383,2570000000
1384,8660000000
1385,5570000000
1386,5170000000
1387,2360000000
1388,9860000000
1389,7840000000
1390,16550000000
1391,4099999999
1392,7820000000
1393,6080000000
1394,13170000000
1395,6390000000
1396,35110000000
1397,23950000000
1398,8470000000
1399,7690000000
1400,19850000000
1401,5340000000
1402,5560000000
1403,30990000000
1404,24280000000
1405,4269999999
1406,5720000000
1407,2460000000
1408,7760000000
1409,13210000000
1410,3660000000
1411,3960000000
1412,5060000000
1413,26380000000
1414,10870000000
1415,2060000000
1416,16989999999
1417,12130000000
1418,15670000000
1419,9090000000
1420,10300000000
1421,2200000000
1422,12030000000
1423,8359999999
1424,11940000000
1425,6110000000
1426,41060000000
1427,13890000000
1428,12030000000
1429,10040000000
1430,2430000000
1431,8180000000
1432,6510000000
1433,4240000000
1434,3100000000
1435,6270000000
1436,5040000000
1437,1630000000
1438,10450000000
1439,6330000000
1440,9610000000
1441,2770000000
1442,7030000000
1443,5930000000
1444,23860000000
1445,11730000000
1446,20900000000
1447,3850000000
1448,2390000000
1449,17610000000
1450,6870000000
1451,8039999999
1452,4550000000
1453,30400000000
1454,12930000000
1455,2920000000
1456,5020000000
1457,6200000000
1458,3230000000
1459,4400000000
1460,10800000000
1461,30750000000
1462,11320000000
1463,19970000000
1464,19430000000
1465,43730000000
1466,20520000000
1467,9640000000
1468,15550000000
1469,6360000000
1470,8720000000
1471,8950000000
1472,11870000000
1473,3300000000
1474,348000000
1475,16410000000
1476,7840000000
1477,7280000000
1478,9420000000
1479,14090000000
1480,4520000000
1481,6890000000
1482,8350000000
1483,5280000000
1484,7590000000
1485,1450000000
1486,8359999999
1487,531000000
1488,7870000000
1489,11970000000
1490,4230000000
1491,2210000000
1492,20010000000
1493,2400000000
1494,7210000000
1495,22240000000
1496,15210000000
1497,20610000000
1498,13840000000
1499,4010000000
1500,4650000000
1501,22180000000
1502,5230000000
1503,16030000000
1504,25570000000
1505,3990000000
1506,6930000000
1507,22850000000
1508,3490000000
1509,4640000000
1510,2490000000
1511,12300000000
1512,6580000000
1513,128000000
1514,6760000000
1515,6940000000
1516,1600000000
1517,17030000000
1518,2960000000
1519,7840000000
1520,3790000000
1521,1910000000
1522,19120000000
1523,5490000000
1524,4690000000
1525,3850000000
1526,6580000000
1527,11710000000
1528,79190000000
1529,55660000000
1530,7310000000
1531,3860000000
1532,23630000000
1533,29250000000
1534,5470000000
1535,18700000000
1536,7860000000
1537,4400000000
1538,11300000000
1539,24490000000
1540,3120000000
1541,4900000000
1542,4460000000
1543,10460000000
1544,4750000000
1545,6860000000
1546,4850000000
1547,6470000000
1548,16510000000
1549,3790000000
1550,19140000000
1551,13800000000
1552,9000000000
1553,5940000000
1554,27360000000
1555,47000000000
1556,14210000000
1557,1440000000
1558,3530000000
1559,19360000000
1560,2870000000
1561,4330000000
1562,2520000000
1563,5980000000
1564,4720000000
1565,4510000000
1566,22620000000
1567,4750000000
1568,5610000000
1569,23490000000
1570,11560000000
1571,7110000000
1572,3430000000
1573,5480000000
1574,3070000000
1575,3560000000
1576,6760000000
1577,1180000000
1578,4350000000
1579,4390000000
1580,1030000000
1581,8000000000
1582,13770000000
1583,4310000000
1584,7500000000
1585,15460000000
1586,9060000000
1587,13540000000
1588,14610000000
1589,14460000000
1590,9670000000
1591,8390000000
1592,4420000000
1593,4000000000
1594,10370000000
1595,8720000000
1596,56650000000
1597,5060000000
1598,14670000000
1599,17520000000
1600,2750000000
1601,4930000000
1602,19950000000
1603,3820000000
1604,3060000000
1605,18520000000
1606,24540000000
1607,4170000000
1608,8119999999
1609,6850000000
1610,7010000000
1611,9150000000
1612,15430000000
1613,13770000000
1614,5380000000
1615,8330000000
1616,8150000000
1617,3710000000
1618,10120000000
1619,27360000000
1620,20440000000
1621,6160000000
1622,11630000000
1623,393000000
1624,13840000000
1625,5220000000
1626,1850000000
1627,7920000000
1628,28460000000
1629,18550000000
1630,4320000000
1631,26140000000
1632,2150000000
1633,50100000000
1634,4570000000
1635,2830000000
1636,16540000000
1637,16450000000
1638,3060000000
1639,1680000000
1640,12220000000
1641,18950000000
1642,931000000
1643,24460000000
1644,17780000000
1645,7290000000
1646,30530000000
1647,6550000000
1648,18070000000
1649,4940000000
1650,35320000000
1651,1960000000
1652,2540000000
1653,3090000000
1654,6180000000
1655,3500000000
1656,46830000000
1657,10420000000
1658,3990000000
1659,16579999999
1660,5420000000
1661,4230000000
1662,1350000000
1663,1900000000
1664,9270000000
1665,14140000000
1666,1570000000
1667,2550000000
1668,6020000000
1669,2620000000
1670,927000000
1671,1700000000
1672,364000000
1673,593000000
1674,14190000000
1675,10890000000
1676,3710000000
1677,6960000000
1678,1160000000
1679,1550000000
1680,18670000000
1681,7030000000
1682,2040000000
1683,3690000000
1684,10630000000
1685,3770000000
1686,3710000000
1687,30160000000
1688,12670000000
1689,204000000
1690,10460000000
1691,5150000000
1692,21040000000
1693,4630000000
1694,2250000000
1695,6190000000
1696,3810000000
1697,18010000000
1698,817000000
1699,4600000000
1700,1610000000
1701,1410000000
1702,3800000000
1703,2770000000
1704,20970000000
1705,6410000000
1706,9260000000
1707,28620000000
1708,6990000000
1709,1190000000
1710,8710000000
1711,13390000000
1712,3010000000
1713,14390000000
1714,9600000000
1715,2530000000
1716,13790000000
1717,1560000000
1718,7220000000
1719,9080000000
1720,6240000000
1721,12620000000
1722,6060000000
1723,5330000000
1724,5560000000
1725,461000000
1726,10640000000
1727,14410000000
1728,37480000000
1729,3610000000
1730,13820000000
1731,995000000
1732,13070000000
1733,22890000000
1734,12060000000
1735,8560000000
1736,4310000000
1737,4070000000
1738,9850000000
1739,2780000000
1740,3990000000
1741,23050000000
1742,3670000000
1743,9590000000
1744,9060000000
1745,5700000000
1746,3440000000
1747,11550000000
1748,2940000000
1749,3530000000
1750,18890000000
1751,3400000000
1752,4570000000
1753,34930000000
1754,2760000000
1755,18040000000
1756,19180000000
1757,3010000000
1758,1560000000
1759,1020000000
1760,5630000000
1761,4970000000
1762,14430000000
1763,9200000000
1764,1760000000
1765,1210000000
1766,2009999999
1767,8960000000
1768,1380000000
1769,12350000000
1770,3910000000
1771,8890000000
1772,21000000000
1773,1230000000
1774,760000000
1775,111000000
1776,11700000000
1777,7570000000
1778,14460000000
1779,12530000000
1780,881000000
1781,6110000000
1782,609000000
1783,4410000000
1784,1600000000
1785,2550000000
1786,8529999999
1787,1370000000
1788,5220000000
1789,31550000000
1790,1880000000
1791,13390000000
1792,27720000000
1793,8449999999
1794,5290000000
1795,3900000000
1796,4880000000
1797,31190000000
1798,2620000000
1799,12310000000
1800,4420000000
1801,2930000000
1802,31020000000
1803,17230000000
1804,3530000000
1805,3680000000
1806,16420000000
1807,30750000000
1808,30750000000
1809,2350000000
1810,4530000000
1811,30480000000
1812,2370000000
1813,2550000000
1814,15940000000
1815,25360000000
1816,6950000000
1817,7890000000
1818,4480000000
1819,5440000000
1820,29970000000
1821,7710000000
1822,29680000000
1823,8490000000
1824,21880000000
1825,29700000000
1826,3210000000
1827,5030000000
1828,3720000000
1829,4990000000
1830,1790000000
1831,3770000000
1832,3100000000
1833,29000000000
1834,1270000000
1835,5640000000
1836,28890000000
1837,9350000000
1838,9770000000
1839,8000000000
1840,28550000000
1841,9950000000
1842,9870000000
1843,27830000000
1844,10670000000
1845,12210000000
1846,11310000000
1847,1340000000
1848,3300000000
1849,2060000000
1850,7880000000
1851,11710000000
1852,9990000000
1853,3000000000
1854,2460000000
1855,1390000000
1856,1170000000
1857,2590000000
1858,17010000000
1859,3820000000
1860,2300000000
1861,5770000000
1862,4200000000
1863,3400000000
1864,12360000000
1865,359000000
1866,660000000
1867,3580000000
1868,26410000000
1869,1420000000
1870,5630000000
1871,13290000000
1872,9230000000
1873,1090000000
1874,1680000000
1875,11480000000
1876,3560000000
1877,9860000000
1878,25890000000
1879,6240000000
1880,4310000000
1881,25690000000
1882,1290000000
1883,1220000000
1884,18180000000
1885,3840000000
1886,8570000000
1887,7870000000
1888,4170000000
1889,1460000000
1890,11290000000
1891,13700000000
1892,733000000
1893,4480000000
1894,5150000000
1895,3520000000
1896,6970000000
1897,1200000000
1898,16329999999
1899,829000000
1900,1380000000
1901,3740000000
1902,24890000000
1903,1640000000
1904,11950000000
1905,1730000000
1906,2120000000
1907,1890000000
1908,12780000000
1909,8600000000
1910,4170000000
1911,1220000000
1912,4900000000
1913,11990000000
1914,24560000000
1915,2200000000
1916,18700000000
1917,988000000
1918,24470000000
1919,19450000000
1920,717000000
1921,22620000000
1922,23820000000
1923,5260000000
1924,3130000000
1925,14720000000
1926,2520000000
1927,24280000000
1928,10890000000
1929,3760000000
1930,718000000
1931,2780000000
1932,9420000000
1933,4280000000
1934,12770000000
1935,24030000000
1936,3090000000
1937,2230000000
1938,23900000000
1939,6040000000
1940,1200000000
1941,12720000000
1942,569000000
1943,2160000000
1944,15730000000
1945,15710000000
1946,5820000000
1947,2680000000
1948,23280000000
1949,19950000000
1950,5450000000
1951,4099999999
1952,9120000000
1953,579000000
1954,612000000
1955,2230000000
1956,2049999999
1957,11910000000
1958,874000000
1959,4790000000
1960,3610000000
1961,3310000000
1962,2320000000
1963,22860000000
1964,6860000000
1965,9350000000
1966,13400000000
1967,2650000000
1968,14580000000
1969,420000000
1970,3270000000
1971,2120000000
1972,1260000000
1973,5070000000
1974,5310000000
1975,1540000000
1976,5260000000
1977,975000000
1978,22340000000
1979,5430000000
1980,432000000
1981,522000000
1982,6500000000
1983,10140000000
1984,4620000000
1985,9310000000
1986,22050000000
1987,15140000000
1988,10460000000
1989,11850000000
1990,11580000000
1991,6460000000
1992,497000000
1993,7630000000
1994,3150000000
1995,1620000000
1996,3010000000
1997,2850000000
1998,4370000000
1999,2710000000
2000,17110000000
2001,10030000000
2002,2610000000
2003,8490000000
2004,21440000000
2005,10470000000
2006,11920000000
2007,1680000000
2008,8300000000
2009,12260000000
2010,10430000000
2011,11750000000
2012,7340000000
2013,19160000000
2014,11780000000
2015,551000000
2016,600000000
2017,5620000000
2018,20580000000
2019,11240000000
2020,5420000000
2021,2220000000
2022,679000000
2023,3240000000
2024,5550000000
2025,2410000000
2026,3250000000
2027,2310000000
2028,1110000000
2029,4200000000
2030,4410000000
2031,9650000000
2032,19680000000
2033,2960000000
2034,1250000000
2035,8750000000
2036,2460000000
2037,768000000
2038,188000000
2039,4080000000
2040,2610000000
2041,7510000000
2042,19600000000
2043,5990000000
2044,785000000
2045,4620000000
2046,15600000000
2047,3170000000
2048,5600000000
2049,2490000000
2050,10210000000
